"HITId","HITTypeId","Title","Description","Keywords","Reward","CreationTime","MaxAssignments","RequesterAnnotation","AssignmentDurationInSeconds","AutoApprovalDelayInSeconds","Expiration","NumberOfSimilarHITs","LifetimeInSeconds","AssignmentId","WorkerId","AssignmentStatus","AcceptTime","SubmitTime","AutoApprovalTime","ApprovalTime","RejectionTime","RequesterFeedback","WorkTimeInSeconds","LifetimeApprovalRate","Last30DaysApprovalRate","Last7DaysApprovalRate","Input.vid_url","Answer.answer","Approve","Reject"
"3W0XM68YZP8D6EAXJ6XTKIMF5VYK1D","3TAPATTOAY4X2CANPY15VLJE4CZC9L","transcribe the information in the video","transcribe the information from the info board and score board","transcribe, video, label","$0.02","Wed Aug 23 14:12:11 PDT 2017","1","BatchId:2916356;OriginalHitTemplateId:920937336;","3600","604800","Wed Aug 30 14:12:11 PDT 2017","","","3NG53N1RLWWZFPPSLLGIJTQ8PZ18PG","A38VXIW691TXDG","Submitted","Wed Aug 23 14:54:42 PDT 2017","Wed Aug 23 14:57:09 PDT 2017","Wed Aug 30 14:57:09 PDT 2017","","","","147","0% (0/0)","0% (0/0)","0% (0/0)","http://svcl.ucsd.edu/~yingwei/internal/diving_share/firstphase/video_first10/cYkUl8MrXgA_000.mp4","[{""action1"":""Inward"",""action2"":""35som"",""action3"":""NoTwis"",""action4"":""NoArms"",""athelete_name"":""Gleb Galperin"",""cam_view"":"""",""position"":""TUCK"",""slow_motion"":false,""start_time"":-1,""stop_time"":-1,""dive"":"""",""difficulty"":3.2,""score_time"":28.59,""exe_score"":""9.5, 9.0, 9.5, 9.0, 8.5, 9.5, 8.5""}]"
"338431Z1FLSKPAUTFS41XQL1TY2RO0","3TAPATTOAY4X2CANPY15VLJE4CZC9L","transcribe the information in the video","transcribe the information from the info board and score board","transcribe, video, label","$0.02","Wed Aug 23 14:12:11 PDT 2017","1","BatchId:2916356;OriginalHitTemplateId:920937336;","3600","604800","Wed Aug 30 14:12:11 PDT 2017","","","3Y54SXRO1MYV5EPC55Q7KV9UBTOUTX","AU44UQBQ62YU4","Submitted","Wed Aug 23 15:40:11 PDT 2017","Wed Aug 23 15:42:00 PDT 2017","Wed Aug 30 15:42:00 PDT 2017","","","","109","0% (0/0)","0% (0/0)","0% (0/0)","http://svcl.ucsd.edu/~yingwei/internal/diving_share/firstphase/video_first10/egsanPCCIzQ_011.mp4","[{""action1"":""Forward"",""action2"":""35som"",""action3"":""NoTwis"",""action4"":""NoArms"",""athelete_name"":""Wang Ying"",""cam_view"":"""",""position"":""PIKE"",""slow_motion"":false,""start_time"":-1,""stop_time"":-1,""dive"":""1"",""difficulty"":3,""score_time"":31.09,""exe_score"":""8.0, 8.5, 8.5, 8.5, 8.5, 8.5, 8.5""}]"
"3EKZL9T8Y8Z6RRJNTIJGOMPEHBLHCW","3TAPATTOAY4X2CANPY15VLJE4CZC9L","transcribe the information in the video","transcribe the information from the info board and score board","transcribe, video, label","$0.02","Wed Aug 23 14:12:11 PDT 2017","1","BatchId:2916356;OriginalHitTemplateId:920937336;","3600","604800","Wed Aug 30 14:12:11 PDT 2017","","","3YOH7BII0AKWFAOPGMMKFQOH6NDKVD","A156CSN48MPP69","Submitted","Wed Aug 23 17:14:34 PDT 2017","Wed Aug 23 17:16:18 PDT 2017","Wed Aug 30 17:16:18 PDT 2017","","","","104","0% (0/0)","0% (0/0)","0% (0/0)","http://svcl.ucsd.edu/~yingwei/internal/diving_share/firstphase/video_first10/egsanPCCIzQ_034.mp4","[{""action1"":""Back"",""action2"":""35som"",""action3"":""NoTwis"",""action4"":""NoArms"",""athelete_name"":""Daria Govor"",""cam_view"":"""",""position"":""TUCK"",""slow_motion"":false,""start_time"":-1,""stop_time"":-1,""dive"":"""",""difficulty"":3.3,""score_time"":53.66,""exe_score"":""2.5,3.0,3.5,3.5,3.5,2.5,3.0""}]"
"3VEI3XUCZRA2AA6UUSHGMQQR33YRPH","3TAPATTOAY4X2CANPY15VLJE4CZC9L","transcribe the information in the video","transcribe the information from the info board and score board","transcribe, video, label","$0.02","Wed Aug 23 14:12:12 PDT 2017","1","BatchId:2916356;OriginalHitTemplateId:920937336;","3600","604800","Wed Aug 30 14:12:12 PDT 2017","","","34PGFRQONPOEJFICOBR40D7IY7XWJI","A3UDSHNCL5LX2K","Submitted","Wed Aug 23 14:40:28 PDT 2017","Wed Aug 23 14:45:09 PDT 2017","Wed Aug 30 14:45:09 PDT 2017","","","","281","0% (0/0)","0% (0/0)","0% (0/0)","http://svcl.ucsd.edu/~yingwei/internal/diving_share/firstphase/video_first10/ZAmJsIcfFOA_010.mp4","[{""action1"":""Forward"",""action2"":""35som"",""action3"":""NoTwis"",""action4"":""NoArms"",""athelete_name"":""Kim Un Hyang"",""cam_view"":"""",""position"":""PIKE"",""slow_motion"":false,""start_time"":-1,""stop_time"":-1,""dive"":"""",""difficulty"":3,""score_time"":46.5,""exe_score"":""5.0,4.5,5.0,4.0,4.5,5.0,5.0""}]"
"3OND0WXMHWSLOP31P9PBEAPH2NYHEP","3TAPATTOAY4X2CANPY15VLJE4CZC9L","transcribe the information in the video","transcribe the information from the info board and score board","transcribe, video, label","$0.02","Wed Aug 23 14:12:12 PDT 2017","1","BatchId:2916356;OriginalHitTemplateId:920937336;","3600","604800","Wed Aug 30 14:12:12 PDT 2017","","","3M68NM076IKXNOMJ5YN94AUWKMGR6M","A156CSN48MPP69","Submitted","Wed Aug 23 17:31:13 PDT 2017","Wed Aug 23 17:32:34 PDT 2017","Wed Aug 30 17:32:34 PDT 2017","","","","81","0% (0/0)","0% (0/0)","0% (0/0)","http://svcl.ucsd.edu/~yingwei/internal/diving_share/firstphase/video_first10/ZAmJsIcfFOA_012.mp4","[{""action1"":""Inward"",""action2"":""25som"",""action3"":""NoTwis"",""action4"":""NoArms"",""athelete_name"":""Brenda Spaziani"",""cam_view"":"""",""position"":""PIKE"",""slow_motion"":false,""start_time"":-1,""stop_time"":-1,""dive"":"""",""difficulty"":2.8,""score_time"":48.19,""exe_score"":""7.0,7.0,6.0,6.0,6.5,6.5,6.5""}]"
"3QMELQS6Y5OU04OPFWI7GQZA8Y86RQ","3TAPATTOAY4X2CANPY15VLJE4CZC9L","transcribe the information in the video","transcribe the information from the info board and score board","transcribe, video, label","$0.02","Wed Aug 23 14:12:11 PDT 2017","1","BatchId:2916356;OriginalHitTemplateId:920937336;","3600","604800","Wed Aug 30 14:12:11 PDT 2017","","","3PZDLQMM0UY5ZLEZ0ZLBP2EY4GB2CA","A156CSN48MPP69","Submitted","Wed Aug 23 17:12:51 PDT 2017","Wed Aug 23 17:14:28 PDT 2017","Wed Aug 30 17:14:28 PDT 2017","","","","97","0% (0/0)","0% (0/0)","0% (0/0)","http://svcl.ucsd.edu/~yingwei/internal/diving_share/firstphase/video_first10/egsanPCCIzQ_023.mp4","[{""action1"":""Forward"",""action2"":""35som"",""action3"":""NoTwis"",""action4"":""NoArms"",""athelete_name"":""Celina Jayne toth"",""cam_view"":"""",""position"":""PIKE"",""slow_motion"":false,""start_time"":-1,""stop_time"":-1,""dive"":"""",""difficulty"":3,""score_time"":43.06,""exe_score"":""7.5,7.0,7.5,7.5,7.5,7.0,7.5""}]"
"37VE3DA4YUUNHMRHFINLD2JWZQLHBP","3TAPATTOAY4X2CANPY15VLJE4CZC9L","transcribe the information in the video","transcribe the information from the info board and score board","transcribe, video, label","$0.02","Wed Aug 23 14:12:11 PDT 2017","1","BatchId:2916356;OriginalHitTemplateId:920937336;","3600","604800","Wed Aug 30 14:12:11 PDT 2017","","","39U1BHVTDM4B6KCTQLU6XMJUYGU3TO","A38VXIW691TXDG","Submitted","Wed Aug 23 14:52:23 PDT 2017","Wed Aug 23 14:54:37 PDT 2017","Wed Aug 30 14:54:37 PDT 2017","","","","134","0% (0/0)","0% (0/0)","0% (0/0)","http://svcl.ucsd.edu/~yingwei/internal/diving_share/firstphase/video_first10/cYkUl8MrXgA_034.mp4","[{""action1"":""Forward"",""action2"":""35som"",""action3"":""NoTwis"",""action4"":""NoArms"",""athelete_name"":""Victor Ortega Serna"",""cam_view"":"""",""position"":""PIKE"",""slow_motion"":false,""start_time"":-1,""stop_time"":-1,""dive"":"""",""difficulty"":3,""score_time"":29.6,""exe_score"":""7.5, 7.5, 7.5, 7.5, 8.0, 7.5, 8.0""}]"
"30F94FBDNRXDMVICFC4ARLMKAKGBTT","3TAPATTOAY4X2CANPY15VLJE4CZC9L","transcribe the information in the video","transcribe the information from the info board and score board","transcribe, video, label","$0.02","Wed Aug 23 14:12:11 PDT 2017","1","BatchId:2916356;OriginalHitTemplateId:920937336;","3600","604800","Wed Aug 30 14:12:11 PDT 2017","","","3EO896NRAX8MRYEIT6MTDT0JUDETJO","A5BH0VZD171ES","Submitted","Wed Aug 23 14:21:53 PDT 2017","Wed Aug 23 14:28:58 PDT 2017","Wed Aug 30 14:28:58 PDT 2017","","","","425","100% (1/1)","100% (1/1)","100% (1/1)","http://svcl.ucsd.edu/~yingwei/internal/diving_share/firstphase/video_first10/cYkUl8MrXgA_016.mp4","[{""action1"":""Reverse"",""action2"":""25som"",""action3"":""NoTwis"",""action4"":""NoArms"",""athelete_name"":""FRANCESCO DELL'UOMO"",""cam_view"":"""",""position"":""PIKE"",""slow_motion"":false,""start_time"":-1,""stop_time"":-1,""dive"":"""",""difficulty"":2.9,""score_time"":35.14,""exe_score"":""8.0""}]"
"3H781YYV6TVBTYUWP360STS5DHTETW","3TAPATTOAY4X2CANPY15VLJE4CZC9L","transcribe the information in the video","transcribe the information from the info board and score board","transcribe, video, label","$0.02","Wed Aug 23 14:12:11 PDT 2017","1","BatchId:2916356;OriginalHitTemplateId:920937336;","3600","604800","Wed Aug 30 14:12:11 PDT 2017","","","3LEP4MGT3HD9SQK9JO9XA1ZKJMJDB6","A3UDSHNCL5LX2K","Submitted","Wed Aug 23 14:51:35 PDT 2017","Wed Aug 23 15:01:20 PDT 2017","Wed Aug 30 15:01:20 PDT 2017","","","","585","0% (0/0)","0% (0/0)","0% (0/0)","http://svcl.ucsd.edu/~yingwei/internal/diving_share/firstphase/video_first10/LNMISxO35S0_040.mp4","[{""action1"":""Reverse"",""action2"":""35som"",""action3"":""NoTwis"",""action4"":""NoArms"",""athelete_name"":""Johannes Manfred DONAY"",""cam_view"":"""",""position"":""TUCK"",""slow_motion"":false,""start_time"":-1,""stop_time"":-1,""dive"":""5"",""difficulty"":3.4,""score_time"":30.41,""exe_score"":""4.5,5.0,3.5,4.5,5.0,4.5,5.5""}]"
"335HHSX8CDIGWJP1TEER8S7W2BXHDW","3TAPATTOAY4X2CANPY15VLJE4CZC9L","transcribe the information in the video","transcribe the information from the info board and score board","transcribe, video, label","$0.02","Wed Aug 23 14:12:12 PDT 2017","1","BatchId:2916356;OriginalHitTemplateId:920937336;","3600","604800","Wed Aug 30 14:12:12 PDT 2017","","","3GNCZX450J0DYDI7IJ0WFKW3FNIAP3","A156CSN48MPP69","Submitted","Wed Aug 23 17:16:23 PDT 2017","Wed Aug 23 17:18:05 PDT 2017","Wed Aug 30 17:18:05 PDT 2017","","","","102","0% (0/0)","0% (0/0)","0% (0/0)","http://svcl.ucsd.edu/~yingwei/internal/diving_share/firstphase/video_first10/D6zILEKIJbk_011.mp4","[{""action1"":""Forward"",""action2"":""2som"",""action3"":""1Twis"",""action4"":""Arms"",""athelete_name"":""Yulia Koltunova"",""cam_view"":"""",""position"":""FREE"",""slow_motion"":false,""start_time"":-1,""stop_time"":-1,""dive"":"""",""difficulty"":3.1,""score_time"":40.37,""exe_score"":""8.5,8.0,8.5,8.0,8.5,8.5,8.0""}]"
"3RIHDBQ1NEBJ0DVE67DURIUQBPPMHJ","3TAPATTOAY4X2CANPY15VLJE4CZC9L","transcribe the information in the video","transcribe the information from the info board and score board","transcribe, video, label","$0.02","Wed Aug 23 14:12:12 PDT 2017","1","BatchId:2916356;OriginalHitTemplateId:920937336;","3600","604800","Wed Aug 30 14:12:12 PDT 2017","","","3NPFYT4IZDHJHDX1QA2N5JT9FH4GX9","A156CSN48MPP69","Submitted","Wed Aug 23 17:34:13 PDT 2017","Wed Aug 23 17:36:04 PDT 2017","Wed Aug 30 17:36:04 PDT 2017","","","","111","0% (0/0)","0% (0/0)","0% (0/0)","http://svcl.ucsd.edu/~yingwei/internal/diving_share/firstphase/video_first10/D6zILEKIJbk_020.mp4","[{""action1"":""Back"",""action2"":""2som"",""action3"":""15Twis"",""action4"":""Arms"",""athelete_name"":""Maria Kurjo"",""cam_view"":"""",""position"":""FREE"",""slow_motion"":false,""start_time"":-1,""stop_time"":-1,""dive"":"""",""difficulty"":3.2,""score_time"":67.23,""exe_score"":""7.0,7.5,7.5,7.5,7.5,7.5,7.0""}]"
"3DGDV62G7OML6QP9F22FLIIJRBIP20","3TAPATTOAY4X2CANPY15VLJE4CZC9L","transcribe the information in the video","transcribe the information from the info board and score board","transcribe, video, label","$0.02","Wed Aug 23 14:12:12 PDT 2017","1","BatchId:2916356;OriginalHitTemplateId:920937336;","3600","604800","Wed Aug 30 14:12:12 PDT 2017","","","3R9WASFE20T2881LG8KQKJ98M22FZ6","A156CSN48MPP69","Submitted","Wed Aug 23 17:23:45 PDT 2017","Wed Aug 23 17:27:39 PDT 2017","Wed Aug 30 17:27:39 PDT 2017","","","","234","0% (0/0)","0% (0/0)","0% (0/0)","http://svcl.ucsd.edu/~yingwei/internal/diving_share/firstphase/video_first10/RWNrARSbRCY_022.mp4","[{""action1"":""Back"",""action2"":""3som"",""action3"":""NoTwis"",""action4"":""Arms"",""athelete_name"":""Meaghan Benfeito"",""cam_view"":"""",""position"":""TUCK"",""slow_motion"":false,""start_time"":-1,""stop_time"":-1,""dive"":""626c"",""difficulty"":3.3,""score_time"":70.91,""exe_score"":""7.0,6.0,6.0,6.5,6.0,6.0,6.0""}]"
"3QI9WAYOGQO61JO2ULIC6046U0R6SE","3TAPATTOAY4X2CANPY15VLJE4CZC9L","transcribe the information in the video","transcribe the information from the info board and score board","transcribe, video, label","$0.02","Wed Aug 23 14:12:12 PDT 2017","1","BatchId:2916356;OriginalHitTemplateId:920937336;","3600","604800","Wed Aug 30 14:12:12 PDT 2017","","","3SNVL38CI550G1IPP5RFPY0SLGFCKO","A2HOKTB1OETGOK","Submitted","Wed Aug 23 14:40:09 PDT 2017","Wed Aug 23 14:41:22 PDT 2017","Wed Aug 30 14:41:22 PDT 2017","","","","73","0% (0/0)","0% (0/0)","0% (0/0)","http://svcl.ucsd.edu/~yingwei/internal/diving_share/firstphase/video_first10/Y4ARBzok9aU_014.mp4","[{""action1"":""Back"",""action2"":""35som"",""action3"":""NoTwis"",""action4"":""NoArms"",""athelete_name"":""IVAN GARCIA NAVARRO"",""cam_view"":"""",""position"":""TUCK"",""slow_motion"":false,""start_time"":-1,""stop_time"":-1,""dive"":"""",""difficulty"":3.3,""score_time"":0.04,""exe_score"":""8.5,8.0,8.5,8.5,8.0,8.5,8.0""}]"
"3VIVIU06FKPJW86YCPVFRUV5B24MIC","3TAPATTOAY4X2CANPY15VLJE4CZC9L","transcribe the information in the video","transcribe the information from the info board and score board","transcribe, video, label","$0.02","Wed Aug 23 14:12:12 PDT 2017","1","BatchId:2916356;OriginalHitTemplateId:920937336;","3600","604800","Wed Aug 30 14:12:12 PDT 2017","","","3NXNZ5RS1BAANO42URSFJ3UY9BU79E","A156CSN48MPP69","Submitted","Wed Aug 23 17:10:41 PDT 2017","Wed Aug 23 17:12:47 PDT 2017","Wed Aug 30 17:12:47 PDT 2017","","","","126","0% (0/0)","0% (0/0)","0% (0/0)","http://svcl.ucsd.edu/~yingwei/internal/diving_share/firstphase/video_first10/cYkUl8MrXgA_089.mp4","[{""action1"":""Reverse"",""action2"":""35som"",""action3"":""NoTwis"",""action4"":""NoArms"",""athelete_name"":""Qiu Bo"",""cam_view"":"""",""position"":""TUCK"",""slow_motion"":false,""start_time"":-1,""stop_time"":-1,""dive"":"""",""difficulty"":3.3,""score_time"":38.52,""exe_score"":""9.5,9.0,9.0,9.5,10.0,9.5,9.5""}]"
"3IKMEYR0LW8KVZST2AX7P1WKX1CK2U","3TAPATTOAY4X2CANPY15VLJE4CZC9L","transcribe the information in the video","transcribe the information from the info board and score board","transcribe, video, label","$0.02","Wed Aug 23 14:12:12 PDT 2017","1","BatchId:2916356;OriginalHitTemplateId:920937336;","3600","604800","Wed Aug 30 14:12:12 PDT 2017","","","3NS0A6KXC5L8M8XGRSQ8249KNH1ZGO","A156CSN48MPP69","Submitted","Wed Aug 23 17:08:38 PDT 2017","Wed Aug 23 17:10:36 PDT 2017","Wed Aug 30 17:10:36 PDT 2017","","","","118","0% (0/0)","0% (0/0)","0% (0/0)","http://svcl.ucsd.edu/~yingwei/internal/diving_share/firstphase/video_first10/ZAmJsIcfFOA_041.mp4","[{""action1"":""Back"",""action2"":""2som"",""action3"":""15Twis"",""action4"":""Arms"",""athelete_name"":""Maria Kurjo"",""cam_view"":"""",""position"":""FREE"",""slow_motion"":false,""start_time"":-1,""stop_time"":-1,""dive"":"""",""difficulty"":3.2,""score_time"":54.7,""exe_score"":""7.5,7.5,7.5,7.5,7.0,7.5,7.5""}]"
"3HKIF5DF6YAQTXH9XSR71WC5WQ59G8","3TAPATTOAY4X2CANPY15VLJE4CZC9L","transcribe the information in the video","transcribe the information from the info board and score board","transcribe, video, label","$0.02","Wed Aug 23 14:12:12 PDT 2017","1","BatchId:2916356;OriginalHitTemplateId:920937336;","3600","604800","Wed Aug 30 14:12:12 PDT 2017","","","3SB4CE2TJW8I7MKY4AAD9XI6HM8XAV","A2HOKTB1OETGOK","Submitted","Wed Aug 23 14:26:22 PDT 2017","Wed Aug 23 14:28:40 PDT 2017","Wed Aug 30 14:28:40 PDT 2017","","","","138","0% (0/0)","0% (0/0)","0% (0/0)","http://svcl.ucsd.edu/~yingwei/internal/diving_share/firstphase/video_first10/cYkUl8MrXgA_036.mp4","[{""action1"":""Forward"",""action2"":""Dive"",""action3"":""NoTwis"",""action4"":""NoArms"",""athelete_name"":""TIMOFEI HORDEICHIK"",""cam_view"":"""",""position"":""TUCK"",""slow_motion"":false,""start_time"":-1,""stop_time"":-1,""dive"":"""",""difficulty"":3.3,""score_time"":42,""exe_score"":""4.0,4.5,4.0,4.0,4.5,4.0,4.0""}]"
"3X55NP42EOTAR8LSJ2GK4SNBXPIP3B","3TAPATTOAY4X2CANPY15VLJE4CZC9L","transcribe the information in the video","transcribe the information from the info board and score board","transcribe, video, label","$0.02","Wed Aug 23 14:12:12 PDT 2017","1","BatchId:2916356;OriginalHitTemplateId:920937336;","3600","604800","Wed Aug 30 14:12:12 PDT 2017","","","3II4UPYCOKKWWWMY266N5QUJ5MOQDZ","AU44UQBQ62YU4","Submitted","Wed Aug 23 15:21:55 PDT 2017","Wed Aug 23 15:24:43 PDT 2017","Wed Aug 30 15:24:43 PDT 2017","","","","168","0% (0/0)","0% (0/0)","0% (0/0)","http://svcl.ucsd.edu/~yingwei/internal/diving_share/firstphase/video_first10/cYkUl8MrXgA_048.mp4","[{""action1"":""Forward"",""action2"":""35som"",""action3"":""NoTwis"",""action4"":""NoArms"",""athelete_name"":""Francesco Dell'Uomo"",""cam_view"":"""",""position"":""PIKE"",""slow_motion"":false,""start_time"":-1,""stop_time"":-1,""dive"":""2"",""difficulty"":0,""score_time"":76.5,""exe_score"":""8.5, 8.5, 8.5, 8.5, 8.5, 9.0, 9.0""}]"
"3VQTAXTYN3YSM8X1FHUKWH8MTYNBUK","3TAPATTOAY4X2CANPY15VLJE4CZC9L","transcribe the information in the video","transcribe the information from the info board and score board","transcribe, video, label","$0.02","Wed Aug 23 14:12:12 PDT 2017","1","BatchId:2916356;OriginalHitTemplateId:920937336;","3600","604800","Wed Aug 30 14:12:12 PDT 2017","","","3TPZPLC3M1PDESJM94LMSCIX9DCP38","AU44UQBQ62YU4","Submitted","Wed Aug 23 15:18:26 PDT 2017","Wed Aug 23 15:21:49 PDT 2017","Wed Aug 30 15:21:49 PDT 2017","","","","203","0% (0/0)","0% (0/0)","0% (0/0)","http://svcl.ucsd.edu/~yingwei/internal/diving_share/firstphase/video_first10/egsanPCCIzQ_037.mp4","[{""action1"":""Forward"",""action2"":""35som"",""action3"":""NoTwis"",""action4"":""NoArms"",""athelete_name"":""Carol-Ann Ware"",""cam_view"":"""",""position"":""PIKE"",""slow_motion"":false,""start_time"":-1,""stop_time"":-1,""dive"":""4"",""difficulty"":0,""score_time"":6.5,""exe_score"":""57.00""}]"
"36AZSFEYZ4DSZNM1K74PS3A575WBV9","3TAPATTOAY4X2CANPY15VLJE4CZC9L","transcribe the information in the video","transcribe the information from the info board and score board","transcribe, video, label","$0.02","Wed Aug 23 14:12:12 PDT 2017","1","BatchId:2916356;OriginalHitTemplateId:920937336;","3600","604800","Wed Aug 30 14:12:12 PDT 2017","","","3SNLUL3WO507M1H7WWOGY4ZDHG8UL0","A156CSN48MPP69","Submitted","Wed Aug 23 17:06:55 PDT 2017","Wed Aug 23 17:08:32 PDT 2017","Wed Aug 30 17:08:32 PDT 2017","","","","97","0% (0/0)","0% (0/0)","0% (0/0)","http://svcl.ucsd.edu/~yingwei/internal/diving_share/firstphase/video_first10/sexZ6VnZ9yc_014.mp4","[{""action1"":""Forward"",""action2"":""15som"",""action3"":""NoTwis"",""action4"":""NoArms"",""athelete_name"":""Timo Barthel"",""cam_view"":"""",""position"":""STR"",""slow_motion"":false,""start_time"":-1,""stop_time"":-1,""dive"":"""",""difficulty"":1.6,""score_time"":36.93,""exe_score"":""7.5,7.0,7.0,7.0,7.5,7.0,6.5""}]"
"329E6HTMSWF9GHOC6ABC8B1C3FCK35","3TAPATTOAY4X2CANPY15VLJE4CZC9L","transcribe the information in the video","transcribe the information from the info board and score board","transcribe, video, label","$0.02","Wed Aug 23 14:12:12 PDT 2017","1","BatchId:2916356;OriginalHitTemplateId:920937336;","3600","604800","Wed Aug 30 14:12:12 PDT 2017","","","3MX2NQ3YCA7L1G8H9EJW1M2KP8OX56","A156CSN48MPP69","Submitted","Wed Aug 23 16:38:33 PDT 2017","Wed Aug 23 16:40:41 PDT 2017","Wed Aug 30 16:40:41 PDT 2017","","","","128","0% (0/0)","0% (0/0)","0% (0/0)","http://svcl.ucsd.edu/~yingwei/internal/diving_share/firstphase/video_first10/V5parOfpuEQ_027.mp4","[{""action1"":""Back"",""action2"":""35som"",""action3"":""NoTwis"",""action4"":""NoArms"",""athelete_name"":""Matthew Mitcham"",""cam_view"":"""",""position"":""TUCK"",""slow_motion"":false,""start_time"":-1,""stop_time"":-1,""dive"":"""",""difficulty"":3.3,""score_time"":85.8,""exe_score"":""8.5,9.0,9.0,8.5,8.5,8.5,9.0""}]"
"3CIS7GGG65WQTB9LP8WAXPE7WV0EUN","3TAPATTOAY4X2CANPY15VLJE4CZC9L","transcribe the information in the video","transcribe the information from the info board and score board","transcribe, video, label","$0.02","Wed Aug 23 14:12:12 PDT 2017","1","BatchId:2916356;OriginalHitTemplateId:920937336;","3600","604800","Wed Aug 30 14:12:12 PDT 2017","","","3BV8HQ2ZZXE5O7023N1N9K5MKIK6AL","AU44UQBQ62YU4","Submitted","Wed Aug 23 15:35:36 PDT 2017","Wed Aug 23 15:38:13 PDT 2017","Wed Aug 30 15:38:13 PDT 2017","","","","157","0% (0/0)","0% (0/0)","0% (0/0)","http://svcl.ucsd.edu/~yingwei/internal/diving_share/firstphase/video_first10/LNMISxO35S0_043.mp4","[{""action1"":""Back"",""action2"":""2som"",""action3"":""25Twis"",""action4"":""Arms"",""athelete_name"":""Kim Jin Yong"",""cam_view"":"""",""position"":""FREE"",""slow_motion"":false,""start_time"":-1,""stop_time"":-1,""dive"":""5"",""difficulty"":3.6,""score_time"":56.78,""exe_score"":""5.5, 6.5, 7.0, 7.0, 5.5, 6.5, 5.0""}]"
"30OITAWPBQG4TTCKHY9PMWO6BQI9H7","3TAPATTOAY4X2CANPY15VLJE4CZC9L","transcribe the information in the video","transcribe the information from the info board and score board","transcribe, video, label","$0.02","Wed Aug 23 14:12:12 PDT 2017","1","BatchId:2916356;OriginalHitTemplateId:920937336;","3600","604800","Wed Aug 30 14:12:12 PDT 2017","","","3EFVCAY5L4M3TEMUQ8BYMX4WG0V8JG","A1T6Z6OVTQMKWM","Submitted","Wed Aug 23 14:52:42 PDT 2017","Wed Aug 23 15:01:20 PDT 2017","Wed Aug 30 15:01:20 PDT 2017","","","","518","0% (0/0)","0% (0/0)","0% (0/0)","http://svcl.ucsd.edu/~yingwei/internal/diving_share/firstphase/video_first10/cYkUl8MrXgA_080.mp4","[{""action1"":""Inward"",""action2"":""35som"",""action3"":""NoTwis"",""action4"":""NoArms"",""athelete_name"":""Francesco Dell'Uomo"",""cam_view"":"""",""position"":""TUCK"",""slow_motion"":false,""start_time"":-1,""stop_time"":-1,""dive"":"""",""difficulty"":3.2,""score_time"":40.07,""exe_score"":""8.5, 8.0, 8.5, 8.5, 9.0, 8.5, 8.5""}]"
"3MXX6RQ9EVIV944WJGL3EXFHBPEP4W","3TAPATTOAY4X2CANPY15VLJE4CZC9L","transcribe the information in the video","transcribe the information from the info board and score board","transcribe, video, label","$0.02","Wed Aug 23 14:12:12 PDT 2017","1","BatchId:2916356;OriginalHitTemplateId:920937336;","3600","604800","Wed Aug 30 14:12:12 PDT 2017","","","3IKZ72A5B5T8RJN2DK9WPW2ZCOTFNO","A156CSN48MPP69","Submitted","Wed Aug 23 16:50:52 PDT 2017","Wed Aug 23 16:53:03 PDT 2017","Wed Aug 30 16:53:03 PDT 2017","","","","131","0% (0/0)","0% (0/0)","0% (0/0)","http://svcl.ucsd.edu/~yingwei/internal/diving_share/firstphase/video_first10/sexZ6VnZ9yc_033.mp4","[{""action1"":""Reverse"",""action2"":""Dive"",""action3"":""NoTwis"",""action4"":""NoArms"",""athelete_name"":""Pylyp Tkachenko"",""cam_view"":"""",""position"":""STR"",""slow_motion"":false,""start_time"":-1,""stop_time"":-1,""dive"":"""",""difficulty"":1.9,""score_time"":44.82,""exe_score"":""7.0,7.0,7.0,7.0,7.0,7.5,7.0""}]"
"3VW0145YLYPFRJQ4U7GF3VA5OHTMJO","3TAPATTOAY4X2CANPY15VLJE4CZC9L","transcribe the information in the video","transcribe the information from the info board and score board","transcribe, video, label","$0.02","Wed Aug 23 14:12:12 PDT 2017","1","BatchId:2916356;OriginalHitTemplateId:920937336;","3600","604800","Wed Aug 30 14:12:12 PDT 2017","","","3X65QVEQI10B0707A53G4YD7AGKLC0","A38VXIW691TXDG","Submitted","Wed Aug 23 14:33:13 PDT 2017","Wed Aug 23 14:38:58 PDT 2017","Wed Aug 30 14:38:58 PDT 2017","","","","345","0% (0/0)","0% (0/0)","0% (0/0)","http://svcl.ucsd.edu/~yingwei/internal/diving_share/firstphase/video_first10/egsanPCCIzQ_006.mp4","[{""action1"":""Forward"",""action2"":""2som"",""action3"":""NoTwis"",""action4"":""NoArms"",""athelete_name"":""Traisy Vivien Anak Tukiet"",""cam_view"":"""",""position"":""PIKE"",""slow_motion"":false,""start_time"":-1,""stop_time"":-1,""dive"":"""",""difficulty"":3,""score_time"":35.3,""exe_score"":""6.5, 6.0, 7.0, 6.0, 6.0, 6.5""}]"
"391JB9X4ZYLA23WMCSGR4AAI36TMKN","3TAPATTOAY4X2CANPY15VLJE4CZC9L","transcribe the information in the video","transcribe the information from the info board and score board","transcribe, video, label","$0.02","Wed Aug 23 14:12:12 PDT 2017","1","BatchId:2916356;OriginalHitTemplateId:920937336;","3600","604800","Wed Aug 30 14:12:12 PDT 2017","","","37TRT2X24R4MVCK1TKV8DZUXO6OBJQ","AU44UQBQ62YU4","Submitted","Wed Aug 23 15:33:03 PDT 2017","Wed Aug 23 15:35:22 PDT 2017","Wed Aug 30 15:35:22 PDT 2017","","","","139","0% (0/0)","0% (0/0)","0% (0/0)","http://svcl.ucsd.edu/~yingwei/internal/diving_share/firstphase/video_first10/sexZ6VnZ9yc_041.mp4","[{""action1"":""Forward"",""action2"":""15som"",""action3"":""1Twis"",""action4"":""NoArms"",""athelete_name"":""Rodrigo Diego Lopez"",""cam_view"":"""",""position"":""STR"",""slow_motion"":false,""start_time"":-1,""stop_time"":-1,""dive"":"""",""difficulty"":2.1,""score_time"":26.42,""exe_score"":""7.0, 7.5, 7.0, 7.5, 7.5, 8.0, 7.5""}]"
"3R16PJFTS34UYD7G6OGVIGTIHF8K4Q","3TAPATTOAY4X2CANPY15VLJE4CZC9L","transcribe the information in the video","transcribe the information from the info board and score board","transcribe, video, label","$0.02","Wed Aug 23 14:12:12 PDT 2017","1","BatchId:2916356;OriginalHitTemplateId:920937336;","3600","604800","Wed Aug 30 14:12:12 PDT 2017","","","351SEKWQS1U5BHO6ADZ6OHAEVLMMD3","A2HOKTB1OETGOK","Submitted","Wed Aug 23 14:37:46 PDT 2017","Wed Aug 23 14:38:58 PDT 2017","Wed Aug 30 14:38:58 PDT 2017","","","","72","0% (0/0)","0% (0/0)","0% (0/0)","http://svcl.ucsd.edu/~yingwei/internal/diving_share/firstphase/video_first10/cYkUl8MrXgA_038.mp4","[{""action1"":""Back"",""action2"":""35som"",""action3"":""NoTwis"",""action4"":""NoArms"",""athelete_name"":""JAMES CONNOR"",""cam_view"":"""",""position"":""TUCK"",""slow_motion"":false,""start_time"":-1,""stop_time"":-1,""dive"":"""",""difficulty"":3.3,""score_time"":0.04,""exe_score"":""8.0,8.0,8.0,8.0,8.0,8.0,8.0""}]"
"3MDKGGG61Q07GJ1HJLN2G50SWJ56T3","3TAPATTOAY4X2CANPY15VLJE4CZC9L","transcribe the information in the video","transcribe the information from the info board and score board","transcribe, video, label","$0.02","Wed Aug 23 14:12:12 PDT 2017","1","BatchId:2916356;OriginalHitTemplateId:920937336;","3600","604800","Wed Aug 30 14:12:12 PDT 2017","","","3Q5ZZ9ZEVPSVMF791674LNLRYZG85A","A156CSN48MPP69","Submitted","Wed Aug 23 16:47:23 PDT 2017","Wed Aug 23 16:50:46 PDT 2017","Wed Aug 30 16:50:46 PDT 2017","","","","203","0% (0/0)","0% (0/0)","0% (0/0)","http://svcl.ucsd.edu/~yingwei/internal/diving_share/firstphase/video_first10/czXA41QTops_003.mp4","[{""action1"":""Forward"",""action2"":""35som"",""action3"":""NoTwis"",""action4"":""NoArms"",""athelete_name"":""meaghan Benfeito"",""cam_view"":"""",""position"":""STR"",""slow_motion"":false,""start_time"":-1,""stop_time"":-1,""dive"":""1078"",""difficulty"":3,""score_time"":48.01,""exe_score"":""8.5,8.5,8.5,8.5,8.5,8.5,8.5""}]"
"31SIZS5W59SNAM79U5W5MVG18ZKRQ8","3TAPATTOAY4X2CANPY15VLJE4CZC9L","transcribe the information in the video","transcribe the information from the info board and score board","transcribe, video, label","$0.02","Wed Aug 23 14:12:12 PDT 2017","1","BatchId:2916356;OriginalHitTemplateId:920937336;","3600","604800","Wed Aug 30 14:12:12 PDT 2017","","","3GFK2QRXXAU6CG3RZ9NAZ3ODG6H5WK","A3A7YB1CWKO41V","Submitted","Wed Aug 23 16:03:29 PDT 2017","Wed Aug 23 16:08:21 PDT 2017","Wed Aug 30 16:08:21 PDT 2017","","","","292","0% (0/0)","0% (0/0)","0% (0/0)","http://svcl.ucsd.edu/~yingwei/internal/diving_share/firstphase/video_first10/V5parOfpuEQ_013.mp4","[{""action1"":""Back"",""action2"":""35som"",""action3"":""NoTwis"",""action4"":""NoArms"",""athelete_name"":""Sanchez Sanchez"",""cam_view"":"""",""position"":""TUCK"",""slow_motion"":false,""start_time"":-1,""stop_time"":-1,""dive"":"""",""difficulty"":3.3,""score_time"":47.92,""exe_score"":""8.5,9.0,9.0,8.5,9.0,8.5,8.5""}]"
"3QGHA0EA0JD5ECM6AH9LE5TJEEYBWJ","3TAPATTOAY4X2CANPY15VLJE4CZC9L","transcribe the information in the video","transcribe the information from the info board and score board","transcribe, video, label","$0.02","Wed Aug 23 14:12:12 PDT 2017","1","BatchId:2916356;OriginalHitTemplateId:920937336;","3600","604800","Wed Aug 30 14:12:12 PDT 2017","","","3HPZF4IVNN6V0676TKS6Y6F3JV6YCN","A156CSN48MPP69","Submitted","Wed Aug 23 17:27:45 PDT 2017","Wed Aug 23 17:29:16 PDT 2017","Wed Aug 30 17:29:16 PDT 2017","","","","91","0% (0/0)","0% (0/0)","0% (0/0)","http://svcl.ucsd.edu/~yingwei/internal/diving_share/firstphase/video_first10/D6zILEKIJbk_012.mp4","[{""action1"":""Forward"",""action2"":""35som"",""action3"":""NoTwis"",""action4"":""NoArms"",""athelete_name"":""Hu Yadan"",""cam_view"":"""",""position"":""PIKE"",""slow_motion"":false,""start_time"":-1,""stop_time"":-1,""dive"":"""",""difficulty"":3,""score_time"":33.02,""exe_score"":""8.0,7.5,7.5,7.5,8.5,8.5,7.5""}]"
"3EKTG13IZUGLM9E4XSSSJANXS6YMLQ","3TAPATTOAY4X2CANPY15VLJE4CZC9L","transcribe the information in the video","transcribe the information from the info board and score board","transcribe, video, label","$0.02","Wed Aug 23 14:12:12 PDT 2017","1","BatchId:2916356;OriginalHitTemplateId:920937336;","3600","604800","Wed Aug 30 14:12:12 PDT 2017","","","35GCEFQ6I617SWLSWDJOJAKBJCX3ZL","A156CSN48MPP69","Submitted","Wed Aug 23 17:04:44 PDT 2017","Wed Aug 23 17:06:48 PDT 2017","Wed Aug 30 17:06:48 PDT 2017","","","","124","0% (0/0)","0% (0/0)","0% (0/0)","http://svcl.ucsd.edu/~yingwei/internal/diving_share/firstphase/video_first10/LNMISxO35S0_015.mp4","[{""action1"":""Inward"",""action2"":""35som"",""action3"":""NoTwis"",""action4"":""NoArms"",""athelete_name"":""Germon Stroev"",""cam_view"":"""",""position"":""TUCK"",""slow_motion"":false,""start_time"":-1,""stop_time"":-1,""dive"":"""",""difficulty"":3.2,""score_time"":55.04,""exe_score"":""6.5,6.5,7.0,7.0,6.5,6.5,7.0""}]"
"3N2YPY1GI6BQ6QYLUY6FTBGQA29EVC","3TAPATTOAY4X2CANPY15VLJE4CZC9L","transcribe the information in the video","transcribe the information from the info board and score board","transcribe, video, label","$0.02","Wed Aug 23 14:12:12 PDT 2017","1","BatchId:2916356;OriginalHitTemplateId:920937336;","3600","604800","Wed Aug 30 14:12:12 PDT 2017","","","3FUI0JHJPYB673EZB6OFF9FW4HR33H","AU44UQBQ62YU4","Submitted","Wed Aug 23 15:38:19 PDT 2017","Wed Aug 23 15:40:11 PDT 2017","Wed Aug 30 15:40:11 PDT 2017","","","","112","0% (0/0)","0% (0/0)","0% (0/0)","http://svcl.ucsd.edu/~yingwei/internal/diving_share/firstphase/video_first10/ZAmJsIcfFOA_030.mp4","[{""action1"":""Back"",""action2"":""35som"",""action3"":""NoTwis"",""action4"":""NoArms"",""athelete_name"":""Stacie powell"",""cam_view"":"""",""position"":""TUCK"",""slow_motion"":false,""start_time"":-1,""stop_time"":-1,""dive"":"""",""difficulty"":3.3,""score_time"":44.49,""exe_score"":""3.5, 3.0, 3.0, 3.0, 2.5, 3.0, 3.0""}]"
"3EPG8DX9LK3D5N8WXL4DJPLVBL9P51","3TAPATTOAY4X2CANPY15VLJE4CZC9L","transcribe the information in the video","transcribe the information from the info board and score board","transcribe, video, label","$0.02","Wed Aug 23 14:12:12 PDT 2017","1","BatchId:2916356;OriginalHitTemplateId:920937336;","3600","604800","Wed Aug 30 14:12:12 PDT 2017","","","3CCZ6YKWR8WV0KQJ6YDILJG2I5G95I","A2HOKTB1OETGOK","Submitted","Wed Aug 23 14:18:46 PDT 2017","Wed Aug 23 14:24:04 PDT 2017","Wed Aug 30 14:24:04 PDT 2017","","","","318","0% (0/0)","0% (0/0)","0% (0/0)","http://svcl.ucsd.edu/~yingwei/internal/diving_share/firstphase/video_first10/V5parOfpuEQ_012.mp4","[{""action1"":""Forward"",""action2"":""45som"",""action3"":""NoTwis"",""action4"":""NoArms"",""athelete_name"":""IVAN GARCIA NAVARRO"",""cam_view"":"""",""position"":""TUCK"",""slow_motion"":false,""start_time"":-1,""stop_time"":-1,""dive"":"""",""difficulty"":3.7,""score_time"":60,""exe_score"":""8.0,8.0,8.0,8.0,8.0,8.5,8.0""}]"
"3HO4MYYR121MGWG6JQDCL1MUFXC6UU","3TAPATTOAY4X2CANPY15VLJE4CZC9L","transcribe the information in the video","transcribe the information from the info board and score board","transcribe, video, label","$0.02","Wed Aug 23 14:12:12 PDT 2017","1","BatchId:2916356;OriginalHitTemplateId:920937336;","3600","604800","Wed Aug 30 14:12:12 PDT 2017","","","3SEPORI8WOC7CHKD5SYY6IYHPM6ZAU","A2HOKTB1OETGOK","Submitted","Wed Aug 23 14:24:05 PDT 2017","Wed Aug 23 14:26:21 PDT 2017","Wed Aug 30 14:26:21 PDT 2017","","","","136","0% (0/0)","0% (0/0)","0% (0/0)","http://svcl.ucsd.edu/~yingwei/internal/diving_share/firstphase/video_first10/V5parOfpuEQ_021.mp4","[{""action1"":""Inward"",""action2"":""35som"",""action3"":""NoTwis"",""action4"":""NoArms"",""athelete_name"":""THOMAS DALEY"",""cam_view"":"""",""position"":""TUCK"",""slow_motion"":false,""start_time"":-1,""stop_time"":-1,""dive"":"""",""difficulty"":3.2,""score_time"":40,""exe_score"":""9.0,9.0,9.0,9.0,9.0,8.5,9.0""}]"
"36JW4WBR06XDU33XKK9HWSAHEODHF7","3TAPATTOAY4X2CANPY15VLJE4CZC9L","transcribe the information in the video","transcribe the information from the info board and score board","transcribe, video, label","$0.02","Wed Aug 23 14:12:12 PDT 2017","1","BatchId:2916356;OriginalHitTemplateId:920937336;","3600","604800","Wed Aug 30 14:12:12 PDT 2017","","","384PI804XTEEAS0HIY7XLJP1TLD0SI","A156CSN48MPP69","Submitted","Wed Aug 23 17:18:08 PDT 2017","Wed Aug 23 17:19:47 PDT 2017","Wed Aug 30 17:19:47 PDT 2017","","","","99","0% (0/0)","0% (0/0)","0% (0/0)","http://svcl.ucsd.edu/~yingwei/internal/diving_share/firstphase/video_first10/V5parOfpuEQ_037.mp4","[{""action1"":""Inward"",""action2"":""35som"",""action3"":""NoTwis"",""action4"":""NoArms"",""athelete_name"":""Jose Antonio Guerra"",""cam_view"":"""",""position"":""TUCK"",""slow_motion"":false,""start_time"":-1,""stop_time"":-1,""dive"":"""",""difficulty"":3.2,""score_time"":37.48,""exe_score"":""9.0,9.0,8.5,9.0,9.0,8.5,9.0""}]"
"3FSEU3P2NRDNMNM97KL5RLQ64LMRR9","3TAPATTOAY4X2CANPY15VLJE4CZC9L","transcribe the information in the video","transcribe the information from the info board and score board","transcribe, video, label","$0.02","Wed Aug 23 14:12:12 PDT 2017","1","BatchId:2916356;OriginalHitTemplateId:920937336;","3600","604800","Wed Aug 30 14:12:12 PDT 2017","","","30ZX6P7VF98S7ZK5AR2XC6RTU0JJ24","A156CSN48MPP69","Submitted","Wed Aug 23 16:58:14 PDT 2017","Wed Aug 23 16:59:57 PDT 2017","Wed Aug 30 16:59:57 PDT 2017","","","","103","0% (0/0)","0% (0/0)","0% (0/0)","http://svcl.ucsd.edu/~yingwei/internal/diving_share/firstphase/video_first10/ZAmJsIcfFOA_033.mp4","[{""action1"":""Inward"",""action2"":""25som"",""action3"":""NoTwis"",""action4"":""NoArms"",""athelete_name"":""Monique Gladding"",""cam_view"":"""",""position"":""PIKE"",""slow_motion"":false,""start_time"":-1,""stop_time"":-1,""dive"":"""",""difficulty"":2.8,""score_time"":46.26,""exe_score"":""7.0,7.5,7.0,7.0,7.0,7.0,7.0""}]"
"3S8A4GJRD3GMTB56OGNHHNODT4L6VJ","3TAPATTOAY4X2CANPY15VLJE4CZC9L","transcribe the information in the video","transcribe the information from the info board and score board","transcribe, video, label","$0.02","Wed Aug 23 14:12:12 PDT 2017","1","BatchId:2916356;OriginalHitTemplateId:920937336;","3600","604800","Wed Aug 30 14:12:12 PDT 2017","","","34MAJL3QP50RPZX3BKTYPE72IHT348","A156CSN48MPP69","Submitted","Wed Aug 23 16:43:44 PDT 2017","Wed Aug 23 16:47:18 PDT 2017","Wed Aug 30 16:47:18 PDT 2017","","","","214","0% (0/0)","0% (0/0)","0% (0/0)","http://svcl.ucsd.edu/~yingwei/internal/diving_share/firstphase/video_first10/V5parOfpuEQ_033.mp4","[{""action1"":""Forward"",""action2"":""45som"",""action3"":""NoTwis"",""action4"":""NoArms"",""athelete_name"":""sascha Klein"",""cam_view"":"""",""position"":""TUCK"",""slow_motion"":false,""start_time"":-1,""stop_time"":-1,""dive"":"""",""difficulty"":3.7,""score_time"":40.4,""exe_score"":""8.5,8.0,8.5,8.5,8.0,7.5,8.0""}]"
"3FO95NVK5CDZN2MMM9LAHVV2QN5RSX","3TAPATTOAY4X2CANPY15VLJE4CZC9L","transcribe the information in the video","transcribe the information from the info board and score board","transcribe, video, label","$0.02","Wed Aug 23 14:12:12 PDT 2017","1","BatchId:2916356;OriginalHitTemplateId:920937336;","3600","604800","Wed Aug 30 14:12:12 PDT 2017","","","3G2UL9A02ERN5524WKP3ZT3WJAM672","A156CSN48MPP69","Submitted","Wed Aug 23 17:22:03 PDT 2017","Wed Aug 23 17:23:39 PDT 2017","Wed Aug 30 17:23:39 PDT 2017","","","","96","0% (0/0)","0% (0/0)","0% (0/0)","http://svcl.ucsd.edu/~yingwei/internal/diving_share/firstphase/video_first10/V5parOfpuEQ_050.mp4","[{""action1"":""Reverse"",""action2"":""35som"",""action3"":""NoTwis"",""action4"":""NoArms"",""athelete_name"":""Martin Wolfram"",""cam_view"":"""",""position"":""TUCK"",""slow_motion"":false,""start_time"":-1,""stop_time"":-1,""dive"":"""",""difficulty"":3.3,""score_time"":47.32,""exe_score"":""8.0,8.0,7.5,8.0,8.0,7.5,8.0""}]"
"3PA41K45VNHSSRMFLEJAH9ZR2R4P7G","3TAPATTOAY4X2CANPY15VLJE4CZC9L","transcribe the information in the video","transcribe the information from the info board and score board","transcribe, video, label","$0.02","Wed Aug 23 14:12:12 PDT 2017","1","BatchId:2916356;OriginalHitTemplateId:920937336;","3600","604800","Wed Aug 30 14:12:12 PDT 2017","","","30OG32W0SVOGL5N6I9PQ7EHZ0NFNEF","A156CSN48MPP69","Submitted","Wed Aug 23 17:19:52 PDT 2017","Wed Aug 23 17:21:57 PDT 2017","Wed Aug 30 17:21:57 PDT 2017","","","","125","0% (0/0)","0% (0/0)","0% (0/0)","http://svcl.ucsd.edu/~yingwei/internal/diving_share/firstphase/video_first10/cYkUl8MrXgA_051.mp4","[{""action1"":""Forward"",""action2"":""45som"",""action3"":""NoTwis"",""action4"":""NoArms"",""athelete_name"":""Bryan Nickson Lomas"",""cam_view"":"""",""position"":""TUCK"",""slow_motion"":false,""start_time"":-1,""stop_time"":-1,""dive"":"""",""difficulty"":3.7,""score_time"":47.27,""exe_score"":""6.5,6.5,6.0,5.5,6.0,6.5,6.0""}]"
"368IUKXGA5L9OR8A24EIBVZV7GKP6H","3TAPATTOAY4X2CANPY15VLJE4CZC9L","transcribe the information in the video","transcribe the information from the info board and score board","transcribe, video, label","$0.02","Wed Aug 23 14:12:12 PDT 2017","1","BatchId:2916356;OriginalHitTemplateId:920937336;","3600","604800","Wed Aug 30 14:12:12 PDT 2017","","","3IJXV6UZ1YWDG8HK7ZWY1DK1TDTRIY","A2HOKTB1OETGOK","Submitted","Wed Aug 23 14:38:58 PDT 2017","Wed Aug 23 14:40:08 PDT 2017","Wed Aug 30 14:40:08 PDT 2017","","","","70","0% (0/0)","0% (0/0)","0% (0/0)","http://svcl.ucsd.edu/~yingwei/internal/diving_share/firstphase/video_first10/Y4ARBzok9aU_020.mp4","[{""action1"":""Inward"",""action2"":""35som"",""action3"":""NoTwis"",""action4"":""NoArms"",""athelete_name"":""THOMAS DALEY"",""cam_view"":"""",""position"":""TUCK"",""slow_motion"":false,""start_time"":-1,""stop_time"":-1,""dive"":"""",""difficulty"":3.2,""score_time"":0.7,""exe_score"":""9.0,9.0,9.0,9.0,9.0,9.0,9.0""}]"
"378G7J1SJLB3LFYQK8BBFDZ4HBBEWM","3TAPATTOAY4X2CANPY15VLJE4CZC9L","transcribe the information in the video","transcribe the information from the info board and score board","transcribe, video, label","$0.02","Wed Aug 23 14:12:12 PDT 2017","1","BatchId:2916356;OriginalHitTemplateId:920937336;","3600","604800","Wed Aug 30 14:12:12 PDT 2017","","","37TRT2X24R4MVCK1TKV8DZUXO6XJB7","A156CSN48MPP69","Submitted","Wed Aug 23 17:29:30 PDT 2017","Wed Aug 23 17:31:09 PDT 2017","Wed Aug 30 17:31:09 PDT 2017","","","","99","0% (0/0)","0% (0/0)","0% (0/0)","http://svcl.ucsd.edu/~yingwei/internal/diving_share/firstphase/video_first10/ZAmJsIcfFOA_000.mp4","[{""action1"":""Forward"",""action2"":""35som"",""action3"":""NoTwis"",""action4"":""NoArms"",""athelete_name"":""Brittany Viola"",""cam_view"":"""",""position"":""PIKE"",""slow_motion"":false,""start_time"":-1,""stop_time"":-1,""dive"":"""",""difficulty"":3,""score_time"":42.8,""exe_score"":""8.0,7.5,7.5,7.5,8.0,8.0,8.5""}]"
"3BJKPTD2QCP022Z1B9Q0R0ROS6JRTM","3TAPATTOAY4X2CANPY15VLJE4CZC9L","transcribe the information in the video","transcribe the information from the info board and score board","transcribe, video, label","$0.02","Wed Aug 23 14:12:13 PDT 2017","1","BatchId:2916356;OriginalHitTemplateId:920937336;","3600","604800","Wed Aug 30 14:12:13 PDT 2017","","","31EUONYN2WGF5194EEEDM75QQSMVO7","A156CSN48MPP69","Submitted","Wed Aug 23 17:00:03 PDT 2017","Wed Aug 23 17:04:33 PDT 2017","Wed Aug 30 17:04:33 PDT 2017","","","","270","0% (0/0)","0% (0/0)","0% (0/0)","http://svcl.ucsd.edu/~yingwei/internal/diving_share/firstphase/video_first10/LNMISxO35S0_048.mp4","[{""action1"":""Forward"",""action2"":""25som"",""action3"":""NoTwis"",""action4"":""NoArms"",""athelete_name"":""wang yen"",""cam_view"":"""",""position"":""PIKE"",""slow_motion"":false,""start_time"":-1,""stop_time"":-1,""dive"":"""",""difficulty"":3,""score_time"":40.83,""exe_score"":""9.0,8.5,9.0,8.5,8.5,8.5,8.5""}]"
"34OWYT6U3WU4PON4NGRAM8PLB3X9I0","3TAPATTOAY4X2CANPY15VLJE4CZC9L","transcribe the information in the video","transcribe the information from the info board and score board","transcribe, video, label","$0.02","Wed Aug 23 14:12:13 PDT 2017","1","BatchId:2916356;OriginalHitTemplateId:920937336;","3600","604800","Wed Aug 30 14:12:13 PDT 2017","","","317HQ483I85S1APSESFHSTFRSGBIN8","AU44UQBQ62YU4","Submitted","Wed Aug 23 15:27:39 PDT 2017","Wed Aug 23 15:30:40 PDT 2017","Wed Aug 30 15:30:40 PDT 2017","","","","181","0% (0/0)","0% (0/0)","0% (0/0)","http://svcl.ucsd.edu/~yingwei/internal/diving_share/firstphase/video_first10/qD3IMtAanSg_016.mp4","[{""action1"":""Reverse"",""action2"":""35som"",""action3"":""NoTwis"",""action4"":""NoArms"",""athelete_name"":""Victor Minibaev"",""cam_view"":"""",""position"":""TUCK"",""slow_motion"":false,""start_time"":-1,""stop_time"":-1,""dive"":""307C"",""difficulty"":3.4,""score_time"":61.22,""exe_score"":""8.5, 9.5, 8.5, 9.5, 9.0, 9.0, 9.0""}]"
"3JTPR5MTZSPCUWBGKTZ5N8ZWHB3K5V","3TAPATTOAY4X2CANPY15VLJE4CZC9L","transcribe the information in the video","transcribe the information from the info board and score board","transcribe, video, label","$0.02","Wed Aug 23 14:12:13 PDT 2017","1","BatchId:2916356;OriginalHitTemplateId:920937336;","3600","604800","Wed Aug 30 14:12:13 PDT 2017","","","3ZSY5X72NYONCUSN5U93LAGN5MAROB","A156CSN48MPP69","Submitted","Wed Aug 23 17:36:08 PDT 2017","Wed Aug 23 17:37:24 PDT 2017","Wed Aug 30 17:37:24 PDT 2017","","","","76","0% (0/0)","0% (0/0)","0% (0/0)","http://svcl.ucsd.edu/~yingwei/internal/diving_share/firstphase/video_first10/egsanPCCIzQ_005.mp4","[{""action1"":""Inward"",""action2"":""35som"",""action3"":""NoTwis"",""action4"":""NoArms"",""athelete_name"":""Carol Ann Ware"",""cam_view"":"""",""position"":""TUCK"",""slow_motion"":false,""start_time"":-1,""stop_time"":-1,""dive"":"""",""difficulty"":3.2,""score_time"":36.11,""exe_score"":""6.0,7.0,6.5,6.5,6.5,6.5,6.0""}]"
"3XUY87HIVPR5SRWPX4T7JN2MSBOMMS","3TAPATTOAY4X2CANPY15VLJE4CZC9L","transcribe the information in the video","transcribe the information from the info board and score board","transcribe, video, label","$0.02","Wed Aug 23 14:12:13 PDT 2017","1","BatchId:2916356;OriginalHitTemplateId:920937336;","3600","604800","Wed Aug 30 14:12:13 PDT 2017","","","39K0FND3AIS7DALUQ384YG28AI6AM6","A156CSN48MPP69","Submitted","Wed Aug 23 16:53:09 PDT 2017","Wed Aug 23 16:55:53 PDT 2017","Wed Aug 30 16:55:53 PDT 2017","","","","164","0% (0/0)","0% (0/0)","0% (0/0)","http://svcl.ucsd.edu/~yingwei/internal/diving_share/firstphase/video_first10/ZAmJsIcfFOA_005.mp4","[{""action1"":""Back"",""action2"":""2som"",""action3"":""15Twis"",""action4"":""Arms"",""athelete_name"":""Stacie Powell"",""cam_view"":"""",""position"":""FREE"",""slow_motion"":false,""start_time"":-1,""stop_time"":-1,""dive"":"""",""difficulty"":3.2,""score_time"":66.98,""exe_score"":""7.5,6.5,7.0,6.5,7.0,7.0,7.5""}]"
"3CESM1J3EIGZ805BEQSD3P7R0DN6WT","3TAPATTOAY4X2CANPY15VLJE4CZC9L","transcribe the information in the video","transcribe the information from the info board and score board","transcribe, video, label","$0.02","Wed Aug 23 14:12:13 PDT 2017","1","BatchId:2916356;OriginalHitTemplateId:920937336;","3600","604800","Wed Aug 30 14:12:13 PDT 2017","","","35BLDD71I7AR45NBGNPU25CUAWEZV2","AU44UQBQ62YU4","Submitted","Wed Aug 23 15:24:48 PDT 2017","Wed Aug 23 15:27:35 PDT 2017","Wed Aug 30 15:27:35 PDT 2017","","","","167","0% (0/0)","0% (0/0)","0% (0/0)","http://svcl.ucsd.edu/~yingwei/internal/diving_share/firstphase/video_first10/cYkUl8MrXgA_087.mp4","[{""action1"":""Back"",""action2"":""3som"",""action3"":""NoTwis"",""action4"":""NoArms"",""athelete_name"":""Sebastian Villa Castaneda"",""cam_view"":"""",""position"":""TUCK"",""slow_motion"":false,""start_time"":-1,""stop_time"":-1,""dive"":""3"",""difficulty"":3.3,""score_time"":6.06,""exe_score"":""4.0, 5.0, 3.5, 4.0, 2.5, 3.5, 4.0""}]"
"3BCRDCM0OD78D0BUPC9AFEDWD6EK6B","3TAPATTOAY4X2CANPY15VLJE4CZC9L","transcribe the information in the video","transcribe the information from the info board and score board","transcribe, video, label","$0.02","Wed Aug 23 14:12:13 PDT 2017","1","BatchId:2916356;OriginalHitTemplateId:920937336;","3600","604800","Wed Aug 30 14:12:13 PDT 2017","","","3YZ8UPK3VUZEJXN1JJVHVL9QN7LUCB","AU44UQBQ62YU4","Submitted","Wed Aug 23 15:30:44 PDT 2017","Wed Aug 23 15:32:52 PDT 2017","Wed Aug 30 15:32:52 PDT 2017","","","","128","0% (0/0)","0% (0/0)","0% (0/0)","http://svcl.ucsd.edu/~yingwei/internal/diving_share/firstphase/video_first10/cYkUl8MrXgA_018.mp4","[{""action1"":""Back"",""action2"":""25som"",""action3"":""25Twis"",""action4"":""NoArms"",""athelete_name"":""Eric Sehn"",""cam_view"":"""",""position"":""PIKE"",""slow_motion"":false,""start_time"":-1,""stop_time"":-1,""dive"":"""",""difficulty"":3.6,""score_time"":42.86,""exe_score"":""5.5, 5.5, 5.5, 4.5, 6.0, 4.5, 6.0""}]"
"37ZQELHEQ0BBA9HP9587W2RMX1YMNS","3TAPATTOAY4X2CANPY15VLJE4CZC9L","transcribe the information in the video","transcribe the information from the info board and score board","transcribe, video, label","$0.02","Wed Aug 23 14:12:13 PDT 2017","1","BatchId:2916356;OriginalHitTemplateId:920937336;","3600","604800","Wed Aug 30 14:12:13 PDT 2017","","","3IAS3U3I0GTMPGMTMZPGEI8GMVAB2B","A156CSN48MPP69","Submitted","Wed Aug 23 16:55:59 PDT 2017","Wed Aug 23 16:58:03 PDT 2017","Wed Aug 30 16:58:03 PDT 2017","","","","124","0% (0/0)","0% (0/0)","0% (0/0)","http://svcl.ucsd.edu/~yingwei/internal/diving_share/firstphase/video_first10/D6zILEKIJbk_001.mp4","[{""action1"":""Forward"",""action2"":""35som"",""action3"":""NoTwis"",""action4"":""NoArms"",""athelete_name"":""Roseline Filion"",""cam_view"":"""",""position"":""PIKE"",""slow_motion"":false,""start_time"":-1,""stop_time"":-1,""dive"":"""",""difficulty"":3,""score_time"":49.61,""exe_score"":""7.0,6.5,7.0,6.5,6.5,7.0,7.0""}]"
"3RWB1RTQDJ0WS5RYVJBGV9VMDBAP83","3TAPATTOAY4X2CANPY15VLJE4CZC9L","transcribe the information in the video","transcribe the information from the info board and score board","transcribe, video, label","$0.02","Wed Aug 23 14:12:13 PDT 2017","1","BatchId:2916356;OriginalHitTemplateId:920937336;","3600","604800","Wed Aug 30 14:12:13 PDT 2017","","","3F6HPJW4JEDEDJK4HQLC1WL1WWTW2D","A156CSN48MPP69","Submitted","Wed Aug 23 17:32:39 PDT 2017","Wed Aug 23 17:34:09 PDT 2017","Wed Aug 30 17:34:09 PDT 2017","","","","90","0% (0/0)","0% (0/0)","0% (0/0)","http://svcl.ucsd.edu/~yingwei/internal/diving_share/firstphase/video_first10/ZAmJsIcfFOA_028.mp4","[{""action1"":""Inward"",""action2"":""35som"",""action3"":""NoTwis"",""action4"":""NoArms"",""athelete_name"":""Chen Ruolin"",""cam_view"":"""",""position"":""TUCK"",""slow_motion"":false,""start_time"":-1,""stop_time"":-1,""dive"":"""",""difficulty"":3.2,""score_time"":37.13,""exe_score"":""8.5,8.5,8.0,8.0,8.0,9.0,8.0""}]"
"3WYZV0QBFJQK3CRWKM57GO7QNG4BXC","3TAPATTOAY4X2CANPY15VLJE4CZC9L","transcribe the information in the video","transcribe the information from the info board and score board","transcribe, video, label","$0.02","Wed Aug 23 14:12:13 PDT 2017","1","BatchId:2916356;OriginalHitTemplateId:920937336;","3600","604800","Wed Aug 30 14:12:13 PDT 2017","","","3TVRFO09GLSZ35B211Z3IBYHBYOXLU","A156CSN48MPP69","Submitted","Wed Aug 23 16:40:48 PDT 2017","Wed Aug 23 16:43:40 PDT 2017","Wed Aug 30 16:43:40 PDT 2017","","","","172","0% (0/0)","0% (0/0)","0% (0/0)","http://svcl.ucsd.edu/~yingwei/internal/diving_share/firstphase/video_first10/ZAmJsIcfFOA_021.mp4","[{""action1"":""Forward"",""action2"":""35som"",""action3"":""NoTwis"",""action4"":""NoArms"",""athelete_name"":""Katie Bell"",""cam_view"":"""",""position"":""PIKE"",""slow_motion"":false,""start_time"":-1,""stop_time"":-1,""dive"":"""",""difficulty"":0,""score_time"":49.5,""exe_score"":""5.5,5.5,5.5,6.0,5.5,5.5,6.0""}]"
"3IWA71V4TITEX0A1OVOZ58LY9FT6XM","3TAPATTOAY4X2CANPY15VLJE4CZC9L","transcribe the information in the video","transcribe the information from the info board and score board","transcribe, video, label","$0.02","Wed Aug 23 14:12:13 PDT 2017","1","BatchId:2916356;OriginalHitTemplateId:920937336;","3600","604800","Wed Aug 30 14:12:13 PDT 2017","","","3K9FOBBF2IWURBXYZVCUK97J9KYLNI","A2HOKTB1OETGOK","Submitted","Wed Aug 23 14:35:07 PDT 2017","Wed Aug 23 14:37:45 PDT 2017","Wed Aug 30 14:37:45 PDT 2017","","","","158","0% (0/0)","0% (0/0)","0% (0/0)","http://svcl.ucsd.edu/~yingwei/internal/diving_share/firstphase/video_first10/czXA41QTops_024.mp4","[{""action1"":""Reverse"",""action2"":""25som"",""action3"":""NoTwis"",""action4"":""NoArms"",""athelete_name"":""TONIA COUCH"",""cam_view"":"""",""position"":""TUCK"",""slow_motion"":false,""start_time"":-1,""stop_time"":-1,""dive"":""305C"",""difficulty"":2.8,""score_time"":0.12,""exe_score"":""8.5,8.0,8.5,9.0,8.5,8.5,9.0""}]"